Datetime,Water Level (m)
2026-09-03 00:00:00,1.0443841
2026-09-03 01:00:00,1.3265903
2026-09-03 02:00:00,1.4059534
2026-09-03 03:00:00,1.2853236
2026-09-03 04:00:00,1.0484663
2026-09-03 05:00:00,0.81601375
2026-09-03 06:00:00,0.5858038
2026-09-03 07:00:00,0.3844057
2026-09-03 08:00:00,0.2176929
2026-09-03 09:00:00,0.1084244
2026-09-03 10:00:00,0.27210277
2026-09-03 11:00:00,0.69272065
2026-09-03 12:00:00,1.044322
2026-09-03 13:00:00,1.3288621
2026-09-03 14:00:00,1.4652747
2026-09-03 15:00:00,1.3825592
2026-09-03 16:00:00,1.153259
2026-09-03 17:00:00,0.9178553
2026-09-03 18:00:00,0.6888914
2026-09-03 19:00:00,0.48253253
2026-09-03 20:00:00,0.31249097
2026-09-03 21:00:00,0.1834618
2026-09-03 22:00:00,0.21836899
2026-09-03 23:00:00,0.6114502
2026-09-04 00:00:00,1.0147243
2026-09-04 01:00:00,1.3624477
2026-09-04 02:00:00,1.6190952
2026-09-04 03:00:00,1.7207208
2026-09-04 04:00:00,1.5849496
2026-09-04 05:00:00,1.3369852
2026-09-04 06:00:00,1.0888691
2026-09-04 07:00:00,0.856219
2026-09-04 08:00:00,0.6514428
2026-09-04 09:00:00,0.48222613
2026-09-04 10:00:00,0.36111358
2026-09-04 11:00:00,0.40240017
2026-09-04 12:00:00,0.70158064
2026-09-04 13:00:00,1.0342182
2026-09-04 14:00:00,1.2590947
2026-09-04 15:00:00,1.3743727
2026-09-04 16:00:00,1.3640612
2026-09-04 17:00:00,1.1924254
2026-09-04 18:00:00,0.96515614
2026-09-04 19:00:00,0.74967027
2026-09-04 20:00:00,0.5611923
2026-09-04 21:00:00,0.40005565
2026-09-04 22:00:00,0.27609634
2026-09-04 23:00:00,0.26268306
2026-09-05 00:00:00,0.54919535
2026-09-05 01:00:00,0.9317181
2026-09-05 02:00:00,1.2704409
2026-09-05 03:00:00,1.5180513
2026-09-05 04:00:00,1.6882594
2026-09-05 05:00:00,1.6502967
2026-09-05 06:00:00,1.447567
2026-09-05 07:00:00,1.2098415
2026-09-05 08:00:00,0.9801496
2026-09-05 09:00:00,0.77462703
2026-09-05 10:00:00,0.59458894
2026-09-05 11:00:00,0.45494318
2026-09-05 12:00:00,0.3828891
2026-09-05 13:00:00,0.5032732
2026-09-05 14:00:00,0.7802603
2026-09-05 15:00:00,1.0516592
2026-09-05 16:00:00,1.1943394
2026-09-05 17:00:00,1.2631371
2026-09-05 18:00:00,1.2004113
2026-09-05 19:00:00,1.0222466
2026-09-05 20:00:00,0.8170296
2026-09-05 21:00:00,0.6322278
2026-09-05 22:00:00,0.46984416
2026-09-05 23:00:00,0.34059158
2026-09-06 00:00:00,0.2664627
2026-09-06 01:00:00,0.3882296
2026-09-06 02:00:00,0.7163515
2026-09-06 03:00:00,1.0901169
2026-09-06 04:00:00,1.3725508
2026-09-06 05:00:00,1.5938272
2026-09-06 06:00:00,1.6843338
2026-09-06 07:00:00,1.5588409
2026-09-06 08:00:00,1.3299532
2026-09-06 09:00:00,1.0955888
2026-09-06 10:00:00,0.8782399
2026-09-06 11:00:00,0.68391377
2026-09-06 12:00:00,0.5161344
2026-09-06 13:00:00,0.3853803
2026-09-06 14:00:00,0.3279915
2026-09-06 15:00:00,0.4942725
2026-09-06 16:00:00,0.83287877
2026-09-06 17:00:00,1.1111158
2026-09-06 18:00:00,1.2416228
2026-09-06 19:00:00,1.2967843
2026-09-06 20:00:00,1.1936039
2026-09-06 21:00:00,0.9929334
2026-09-06 22:00:00,0.78286994
2026-09-06 23:00:00,0.59983534
2026-09-07 00:00:00,0.4415068
2026-09-07 01:00:00,0.3219725
2026-09-07 02:00:00,0.28644913
2026-09-07 03:00:00,0.5401746
2026-09-07 04:00:00,0.9466707
2026-09-07 05:00:00,1.3204869
2026-09-07 06:00:00,1.5849705
2026-09-07 07:00:00,1.766715
2026-09-07 08:00:00,1.7260256
2026-09-07 09:00:00,1.5046984
2026-09-07 10:00:00,1.2489423
2026-09-07 11:00:00,1.0056483
2026-09-07 12:00:00,0.78982526
2026-09-07 13:00:00,0.5982638
2026-09-07 14:00:00,0.44047514
2026-09-07 15:00:00,0.33289215
2026-09-07 16:00:00,0.4519507
2026-09-07 17:00:00,0.8465514
2026-09-07 18:00:00,1.2011949
2026-09-07 19:00:00,1.3986373
2026-09-07 20:00:00,1.5019023
2026-09-07 21:00:00,1.4224995
2026-09-07 22:00:00,1.2001011
2026-09-07 23:00:00,0.9589692
2026-09-08 00:00:00,0.7426585
2026-09-08 01:00:00,0.5543492
2026-09-08 02:00:00,0.40113384
2026-09-08 03:00:00,0.30675173
2026-09-08 04:00:00,0.52426606
2026-09-08 05:00:00,0.9920092
2026-09-08 06:00:00,1.4072407
2026-09-08 07:00:00,1.7127123
2026-09-08 08:00:00,1.911473
2026-09-08 09:00:00,1.869475
2026-09-08 10:00:00,1.6283333
2026-09-08 11:00:00,1.3500196
2026-09-08 12:00:00,1.0857329
2026-09-08 13:00:00,0.8519848
2026-09-08 14:00:00,0.6466941
2026-09-08 15:00:00,0.47608635
2026-09-08 16:00:00,0.36109617
2026-09-08 17:00:00,0.5722346
2026-09-08 18:00:00,1.0571421
2026-09-08 19:00:00,1.4231238
2026-09-08 20:00:00,1.6402506
2026-09-08 21:00:00,1.7387073
2026-09-08 22:00:00,1.5985496
2026-09-08 23:00:00,1.3374614
2026-09-09 00:00:00,1.0728308
